site,site.plot,time,LAI
A,A:C32,2013.Jul,4.64
A,A:C32,2013.Jul,4.49
A,A:C32,2013.Jul,5.08
A,A:C32,2013.Jul,4.93
A,A:C32,2013.Jul,4.23
A,A:C32,2014.Apr,0.7
A,A:C32,2014.Apr,0.38
A,A:C32,2014.Apr,0.74
A,A:C32,2014.Apr,0.57
A,A:C32,2014.Apr,0.35
A,A:C32,2014.Aug,4.86
A,A:C32,2014.Aug,5.44
A,A:C32,2014.Aug,3.75
A,A:C32,2014.Aug,4.66
A,A:C32,2014.Aug,5.23
A,A:E23,2013.Jul,6.08
A,A:E23,2013.Jul,4.07
A,A:E23,2013.Jul,2
A,A:E23,2013.Jul,8.8
A,A:E23,2013.Jul,4.3
A,A:E23,2014.Apr,4.14
A,A:E23,2014.Apr,3.18
A,A:E23,2014.Apr,1.9
A,A:E23,2014.Apr,5.95
A,A:E23,2014.Apr,3.65
A,A:E23,2014.Aug,6.96
A,A:E23,2014.Aug,5.14
A,A:E23,2014.Aug,4.73
A,A:E23,2014.Aug,8.41
A,A:E23,2014.Aug,8.01
A,A:E24,2013.Jul,3.23
A,A:E24,2013.Jul,2.75
A,A:E24,2013.Jul,2.46
A,A:E24,2013.Jul,3.27
A,A:E24,2013.Jul,1.92
A,A:E24,2014.Apr,1.11
A,A:E24,2014.Apr,0.87
A,A:E24,2014.Apr,0.94
A,A:E24,2014.Apr,1.46
A,A:E24,2014.Apr,0.76
A,A:E24,2014.Aug,5.14
A,A:E24,2014.Aug,4.87
A,A:E24,2014.Aug,4.86
A,A:E24,2014.Aug,4.57
A,A:E24,2014.Aug,3.62
A,A:E31,2013.Jul,0.26
A,A:E31,2013.Jul,0.68
A,A:E31,2013.Jul,0.53
A,A:E31,2013.Jul,0.57
A,A:E31,2013.Jul,0.83
A,A:E31,2014.Apr,0.03
A,A:E31,2014.Apr,0.09
A,A:E31,2014.Apr,0.11
A,A:E31,2014.Apr,0.16
A,A:E31,2014.Apr,0.16
A,A:E31,2014.Aug,0.61
A,A:E31,2014.Aug,1.16
A,A:E31,2014.Aug,1.23
A,A:E31,2014.Aug,1.17
A,A:E31,2014.Aug,1.08
A,A:E33,2013.Jul,0.54
A,A:E33,2013.Jul,1.03
A,A:E33,2013.Jul,1.08
A,A:E33,2013.Jul,2.08
A,A:E33,2013.Jul,0.71
A,A:E33,2014.Apr,0.43
A,A:E33,2014.Apr,0.47
A,A:E33,2014.Apr,1.19
A,A:E33,2014.Apr,2.1
A,A:E33,2014.Apr,0.47
A,A:E33,2014.Aug,4.4
A,A:E33,2014.Aug,2.15
A,A:E33,2014.Aug,1.93
A,A:E33,2014.Aug,1.25
A,A:E33,2014.Aug,2.53
A,A:E34,2013.Jul,4.04
A,A:E34,2013.Jul,3.08
A,A:E34,2013.Jul,3.89
A,A:E34,2013.Jul,3.61
A,A:E34,2013.Jul,3.36
A,A:E34,2014.Apr,0.54
A,A:E34,2014.Apr,0.61
A,A:E34,2014.Apr,0.32
A,A:E34,2014.Apr,0.66
A,A:E34,2014.Apr,0.54
A,A:E34,2014.Aug,3.58
A,A:E34,2014.Aug,3.43
A,A:E34,2014.Aug,3.86
A,A:E34,2014.Aug,3.17
A,A:E34,2014.Aug,4.23
A,A:F21,2013.Jul,0.01
A,A:F21,2013.Jul,0.42
A,A:F21,2013.Jul,0.28
A,A:F21,2013.Jul,0.07
A,A:F21,2013.Jul,0.32
A,A:F21,2014.Apr,0.02
A,A:F21,2014.Apr,0.12
A,A:F21,2014.Apr,0.1
A,A:F21,2014.Apr,0.01
A,A:F21,2014.Apr,0.05
A,A:F21,2014.Aug,0.09
A,A:F21,2014.Aug,0.7
A,A:F21,2014.Aug,0.42
A,A:F21,2014.Aug,0.08
A,A:F21,2014.Aug,0.62
A,A:F22,2013.Jul,3.79
A,A:F22,2013.Jul,3.9
A,A:F22,2013.Jul,4.67
A,A:F22,2013.Jul,5.8
A,A:F22,2013.Jul,4.33
A,A:F22,2014.Apr,0.89
A,A:F22,2014.Apr,0.88
A,A:F22,2014.Apr,1.28
A,A:F22,2014.Apr,0.96
A,A:F22,2014.Apr,1.73
A,A:F22,2014.Aug,4.79
A,A:F22,2014.Aug,4.71
A,A:F22,2014.Aug,7.97
A,A:F22,2014.Aug,7.54
A,A:F22,2014.Aug,7.08
A,A:F27,2013.Jul,4.14
A,A:F27,2013.Jul,3.52
A,A:F27,2013.Jul,5.03
A,A:F27,2013.Jul,6.18
A,A:F27,2013.Jul,3.83
A,A:F27,2014.Apr,0.57
A,A:F27,2014.Apr,0.53
A,A:F27,2014.Apr,0.47
A,A:F27,2014.Apr,0.72
A,A:F27,2014.Apr,1.1
A,A:F27,2014.Aug,4.29
A,A:F27,2014.Aug,3.37
A,A:F27,2014.Aug,4.34
A,A:F27,2014.Aug,5.58
A,A:F27,2014.Aug,4.86
A,A:F28,2013.Jul,0.21
A,A:F28,2013.Jul,0.44
A,A:F28,2013.Jul,0.08
A,A:F28,2013.Jul,0.09
A,A:F28,2013.Jul,0.39
A,A:F28,2014.Apr,0.17
A,A:F28,2014.Apr,0.43
A,A:F28,2014.Apr,0.16
A,A:F28,2014.Apr,0.08
A,A:F28,2014.Apr,0.11
A,A:F28,2014.Aug,0.42
A,A:F28,2014.Aug,0.98
A,A:F28,2014.Aug,0.41
A,A:F28,2014.Aug,0.36
A,A:F28,2014.Aug,0.75
A,A:G17,2013.Jul,0.07
A,A:G17,2013.Jul,0.48
A,A:G17,2013.Jul,0.2
A,A:G17,2013.Jul,0.22
A,A:G17,2013.Jul,0.02
A,A:G17,2014.Apr,0.05
A,A:G17,2014.Apr,0.24
A,A:G17,2014.Apr,0.17
A,A:G17,2014.Apr,0.09
A,A:G17,2014.Apr,0.07
A,A:G17,2014.Aug,0.18
A,A:G17,2014.Aug,0.63
A,A:G17,2014.Aug,0.23
A,A:G17,2014.Aug,0.22
A,A:G17,2014.Aug,0.12
A,A:G22,2013.Jul,0.86
A,A:G22,2013.Jul,1.06
A,A:G22,2013.Jul,0.67
A,A:G22,2013.Jul,0.46
A,A:G22,2013.Jul,0.81
A,A:G22,2014.Apr,0.96
A,A:G22,2014.Apr,1.09
A,A:G22,2014.Apr,0.83
A,A:G22,2014.Apr,0.54
A,A:G22,2014.Apr,0.93
A,A:G22,2014.Aug,3.35
A,A:G22,2014.Aug,2.49
A,A:G22,2014.Aug,2.07
A,A:G22,2014.Aug,1.49
A,A:G22,2014.Aug,1.69
A,A:G24,2013.Jul,0.15
A,A:G24,2013.Jul,0.47
A,A:G24,2013.Jul,0.63
A,A:G24,2013.Jul,0.35
A,A:G24,2013.Jul,0.79
A,A:G24,2014.Apr,0.05
A,A:G24,2014.Apr,0.09
A,A:G24,2014.Apr,0.09
A,A:G24,2014.Apr,0.09
A,A:G24,2014.Apr,0.12
A,A:G24,2014.Aug,0.07
A,A:G24,2014.Aug,0.43
A,A:G24,2014.Aug,0.47
A,A:G24,2014.Aug,0.49
A,A:G24,2014.Aug,0.52
A,A:G33,2013.Jul,0
A,A:G33,2013.Jul,0
A,A:G33,2013.Jul,0
A,A:G33,2013.Jul,0
A,A:G33,2013.Jul,0
A,A:G33,2014.Apr,0
A,A:G33,2014.Apr,0
A,A:G33,2014.Apr,0
A,A:G33,2014.Apr,0
A,A:G33,2014.Apr,0
A,A:G33,2014.Aug,0
A,A:G33,2014.Aug,0
A,A:G33,2014.Aug,0
A,A:G33,2014.Aug,0
A,A:G33,2014.Aug,0
A,A:H25,2013.Jul,5.57
A,A:H25,2013.Jul,4.43
A,A:H25,2013.Jul,5.18
A,A:H25,2013.Jul,6.09
A,A:H25,2013.Jul,4.56
A,A:H25,2014.Apr,1.16
A,A:H25,2014.Apr,0.9
A,A:H25,2014.Apr,0.8
A,A:H25,2014.Apr,0.77
A,A:H25,2014.Apr,0.83
A,A:H25,2014.Aug,7.52
A,A:H25,2014.Aug,5.48
A,A:H25,2014.Aug,5.61
A,A:H25,2014.Aug,6.72
A,A:H25,2014.Aug,4.6
A,A:H31,2013.Jul,1.91
A,A:H31,2013.Jul,2.42
A,A:H31,2013.Jul,1.82
A,A:H31,2013.Jul,2.49
A,A:H31,2013.Jul,1.59
A,A:H31,2014.Apr,0.49
A,A:H31,2014.Apr,0.79
A,A:H31,2014.Apr,0.28
A,A:H31,2014.Apr,0.37
A,A:H31,2014.Apr,0.2
A,A:H31,2014.Aug,2.85
A,A:H31,2014.Aug,4.11
A,A:H31,2014.Aug,2.61
A,A:H31,2014.Aug,3.94
A,A:H31,2014.Aug,2.73
A,A:I12,2013.Jul,0.46
A,A:I12,2013.Jul,0.29
A,A:I12,2013.Jul,0.13
A,A:I12,2013.Jul,0.18
A,A:I12,2013.Jul,0
A,A:I12,2014.Apr,0.13
A,A:I12,2014.Apr,0.03
A,A:I12,2014.Apr,0.03
A,A:I12,2014.Apr,0.02
A,A:I12,2014.Apr,0
A,A:I12,2014.Aug,1.19
A,A:I12,2014.Aug,0.55
A,A:I12,2014.Aug,0.44
A,A:I12,2014.Aug,0.23
A,A:I12,2014.Aug,0.23
A,A:I27,2013.Jul,0.73
A,A:I27,2013.Jul,1.2
A,A:I27,2013.Jul,1.31
A,A:I27,2013.Jul,1.6
A,A:I27,2013.Jul,0.9
A,A:I27,2014.Apr,0.17
A,A:I27,2014.Apr,0.27
A,A:I27,2014.Apr,0.21
A,A:I27,2014.Apr,0.3
A,A:I27,2014.Apr,0.17
A,A:I27,2014.Aug,0.98
A,A:I27,2014.Aug,1.82
A,A:I27,2014.Aug,1.26
A,A:I27,2014.Aug,1.63
A,A:I27,2014.Aug,1.37
A,A:I28,2013.Jul,1.46
A,A:I28,2013.Jul,1.31
A,A:I28,2013.Jul,2.01
A,A:I28,2013.Jul,1.08
A,A:I28,2013.Jul,1.07
A,A:I28,2014.Apr,0.45
A,A:I28,2014.Apr,0.25
A,A:I28,2014.Apr,0.27
A,A:I28,2014.Apr,0.28
A,A:I28,2014.Apr,0.16
A,A:I28,2014.Aug,1.61
A,A:I28,2014.Aug,1.62
A,A:I28,2014.Aug,1.79
A,A:I28,2014.Aug,1.62
A,A:I28,2014.Aug,1.46
A,A:J21,2013.Jul,0.24
A,A:J21,2013.Jul,0.21
A,A:J21,2013.Jul,0.4
A,A:J21,2013.Jul,0.62
A,A:J21,2013.Jul,0.55
A,A:J21,2014.Apr,0.14
A,A:J21,2014.Apr,0.15
A,A:J21,2014.Apr,0.36
A,A:J21,2014.Apr,0.87
A,A:J21,2014.Apr,0.86
A,A:J21,2014.Aug,0.98
A,A:J21,2014.Aug,0.65
A,A:J21,2014.Aug,1.6
A,A:J21,2014.Aug,2.1
A,A:J21,2014.Aug,2.96
A,A:J27,2013.Jul,0
A,A:J27,2013.Jul,0
A,A:J27,2013.Jul,0
A,A:J27,2013.Jul,0
A,A:J27,2013.Jul,0
A,A:J27,2014.Apr,0
A,A:J27,2014.Apr,0
A,A:J27,2014.Apr,0.14
A,A:J27,2014.Apr,0.02
A,A:J27,2014.Apr,0
A,A:J27,2014.Aug,0
A,A:J27,2014.Aug,0
A,A:J27,2014.Aug,0.15
A,A:J27,2014.Aug,0.05
A,A:J27,2014.Aug,0
A,A:K03,2013.Jul,0.21
A,A:K03,2013.Jul,0.18
A,A:K03,2013.Jul,0.22
A,A:K03,2013.Jul,0.33
A,A:K03,2013.Jul,0.14
A,A:K03,2014.Apr,0.47
A,A:K03,2014.Apr,0.09
A,A:K03,2014.Apr,0.37
A,A:K03,2014.Apr,0.46
A,A:K03,2014.Apr,0.15
A,A:K03,2014.Aug,0.45
A,A:K03,2014.Aug,0.27
A,A:K03,2014.Aug,0.26
A,A:K03,2014.Aug,0.49
A,A:K03,2014.Aug,0.33
A,A:K09,2013.Jul,0.73
A,A:K09,2013.Jul,0.91
A,A:K09,2013.Jul,0.14
A,A:K09,2013.Jul,1.29
A,A:K09,2013.Jul,0.77
A,A:K09,2014.Apr,1.57
A,A:K09,2014.Apr,2.35
A,A:K09,2014.Apr,0.7
A,A:K09,2014.Apr,2.48
A,A:K09,2014.Apr,1.58
A,A:K09,2014.Aug,1.73
A,A:K09,2014.Aug,2.32
A,A:K09,2014.Aug,0.88
A,A:K09,2014.Aug,3.03
A,A:K09,2014.Aug,2.04
A,A:K19,2013.Jul,8.2
A,A:K19,2013.Jul,7.19
A,A:K19,2013.Jul,7.75
A,A:K19,2013.Jul,3.4
A,A:K19,2013.Jul,6.83
A,A:K19,2014.Apr,5.46
A,A:K19,2014.Apr,4.62
A,A:K19,2014.Apr,6.43
A,A:K19,2014.Apr,3.3
A,A:K19,2014.Apr,6.29
A,A:K19,2014.Aug,7.12
A,A:K19,2014.Aug,6.22
A,A:K19,2014.Aug,6.96
A,A:K19,2014.Aug,6.95
A,A:K19,2014.Aug,7.42
A,A:L10,2013.Jul,0.34
A,A:L10,2013.Jul,0
A,A:L10,2013.Jul,0.18
A,A:L10,2013.Jul,0
A,A:L10,2013.Jul,0
A,A:L10,2014.Apr,0.05
A,A:L10,2014.Apr,0
A,A:L10,2014.Apr,0
A,A:L10,2014.Apr,0
A,A:L10,2014.Apr,0.1
A,A:L10,2014.Aug,0.17
A,A:L10,2014.Aug,0
A,A:L10,2014.Aug,0
A,A:L10,2014.Aug,0.34
A,A:L10,2014.Aug,0
A,A:L11,2013.Jul,1.34
A,A:L11,2013.Jul,0.59
A,A:L11,2013.Jul,0.96
A,A:L11,2013.Jul,0.71
A,A:L11,2013.Jul,0.9
A,A:L11,2014.Apr,1.23
A,A:L11,2014.Apr,0.49
A,A:L11,2014.Apr,0.7
A,A:L11,2014.Apr,0.73
A,A:L11,2014.Apr,0.77
A,A:L11,2014.Aug,2.54
A,A:L11,2014.Aug,1.17
A,A:L11,2014.Aug,1.89
A,A:L11,2014.Aug,1.86
A,A:L11,2014.Aug,2.05
A,A:L22,2013.Jul,2.58
A,A:L22,2013.Jul,2.22
A,A:L22,2013.Jul,2.76
A,A:L22,2013.Jul,3.05
A,A:L22,2013.Jul,3.12
A,A:L22,2014.Apr,0.72
A,A:L22,2014.Apr,1.57
A,A:L22,2014.Apr,1.15
A,A:L22,2014.Apr,2.13
A,A:L22,2014.Apr,0.85
A,A:L22,2014.Aug,2.39
A,A:L22,2014.Aug,3.62
A,A:L22,2014.Aug,4.59
A,A:L22,2014.Aug,4.45
A,A:L22,2014.Aug,6.18
A,A:L23,2013.Jul,4.7
A,A:L23,2013.Jul,4.29
A,A:L23,2013.Jul,4.38
A,A:L23,2013.Jul,4.73
A,A:L23,2013.Jul,4.91
A,A:L23,2014.Apr,0.48
A,A:L23,2014.Apr,0.68
A,A:L23,2014.Apr,0.47
A,A:L23,2014.Apr,0.52
A,A:L23,2014.Apr,0.5
A,A:L23,2014.Aug,4.79
A,A:L23,2014.Aug,4.26
A,A:L23,2014.Aug,5.31
A,A:L23,2014.Aug,5.91
A,A:L23,2014.Aug,4.68
A,A:N08,2013.Jul,1.24
A,A:N08,2013.Jul,1.48
A,A:N08,2013.Jul,1.85
A,A:N08,2013.Jul,1.81
A,A:N08,2013.Jul,4.18
A,A:N08,2014.Apr,1.85
A,A:N08,2014.Apr,1.35
A,A:N08,2014.Apr,1.7
A,A:N08,2014.Apr,1.41
A,A:N08,2014.Apr,3.17
A,A:N08,2014.Aug,3.12
A,A:N08,2014.Aug,3.02
A,A:N08,2014.Aug,2.23
A,A:N08,2014.Aug,1.67
A,A:N08,2014.Aug,5.17
A,A:N11,2013.Jul,0.68
A,A:N11,2013.Jul,0.55
A,A:N11,2013.Jul,0.59
A,A:N11,2013.Jul,0.68
A,A:N11,2013.Jul,0.82
A,A:N11,2014.Apr,0.09
A,A:N11,2014.Apr,0.05
A,A:N11,2014.Apr,0.06
A,A:N11,2014.Apr,0.11
A,A:N11,2014.Apr,0.12
A,A:N11,2014.Aug,0.64
A,A:N11,2014.Aug,0.52
A,A:N11,2014.Aug,0.57
A,A:N11,2014.Aug,0.94
A,A:N11,2014.Aug,0.73
A,A:N13,2013.Jul,2.43
A,A:N13,2013.Jul,2.82
A,A:N13,2013.Jul,3.22
A,A:N13,2013.Jul,3.99
A,A:N13,2013.Jul,5.9
A,A:N13,2014.Apr,0.24
A,A:N13,2014.Apr,0.39
A,A:N13,2014.Apr,0.27
A,A:N13,2014.Apr,0.42
A,A:N13,2014.Apr,0.65
A,A:N13,2014.Aug,2.93
A,A:N13,2014.Aug,3.35
A,A:N13,2014.Aug,3.66
A,A:N13,2014.Aug,4.54
A,A:N13,2014.Aug,4.77
A,A:N17,2013.Jul,0.6
A,A:N17,2013.Jul,0.33
A,A:N17,2013.Jul,0.42
A,A:N17,2013.Jul,0.72
A,A:N17,2013.Jul,0.9
A,A:N17,2014.Apr,0.22
A,A:N17,2014.Apr,0.1
A,A:N17,2014.Apr,0.08
A,A:N17,2014.Apr,0.2
A,A:N17,2014.Apr,0.13
A,A:N17,2014.Aug,0.4
A,A:N17,2014.Aug,0.29
A,A:N17,2014.Aug,0.36
A,A:N17,2014.Aug,0.56
A,A:N17,2014.Aug,0.68
A,A:N20,2013.Jul,3.7
A,A:N20,2013.Jul,2.53
A,A:N20,2013.Jul,2.15
A,A:N20,2013.Jul,3.29
A,A:N20,2013.Jul,2.81
A,A:N20,2014.Apr,0.44
A,A:N20,2014.Apr,0.34
A,A:N20,2014.Apr,0.35
A,A:N20,2014.Apr,0.54
A,A:N20,2014.Apr,0.41
A,A:N20,2014.Aug,4.95
A,A:N20,2014.Aug,4.79
A,A:N20,2014.Aug,3.44
A,A:N20,2014.Aug,4.31
A,A:N20,2014.Aug,3.63
A,A:N29,2013.Jul,0
A,A:N29,2013.Jul,0
A,A:N29,2013.Jul,0
A,A:N29,2013.Jul,0
A,A:N29,2013.Jul,0
A,A:N29,2014.Apr,0
A,A:N29,2014.Apr,0
A,A:N29,2014.Apr,0
A,A:N29,2014.Apr,0
A,A:N29,2014.Apr,0
A,A:N29,2014.Aug,0
A,A:N29,2014.Aug,0
A,A:N29,2014.Aug,0
A,A:N29,2014.Aug,0
A,A:N29,2014.Aug,0
A,A:O22,2013.Jul,0.13
A,A:O22,2013.Jul,0.49
A,A:O22,2013.Jul,0.38
A,A:O22,2013.Jul,0.56
A,A:O22,2013.Jul,0.49
A,A:O22,2014.Apr,0.17
A,A:O22,2014.Apr,0.32
A,A:O22,2014.Apr,0.32
A,A:O22,2014.Apr,0.79
A,A:O22,2014.Apr,0.3
A,A:O22,2014.Aug,0.35
A,A:O22,2014.Aug,0.84
A,A:O22,2014.Aug,0.96
A,A:O22,2014.Aug,1.46
A,A:O22,2014.Aug,1.04
A,A:O27,2013.Jul,3.74
A,A:O27,2013.Jul,3.83
A,A:O27,2013.Jul,4.13
A,A:O27,2013.Jul,4.06
A,A:O27,2013.Jul,3.69
A,A:O27,2014.Apr,0.83
A,A:O27,2014.Apr,0.96
A,A:O27,2014.Apr,1.31
A,A:O27,2014.Apr,1.13
A,A:O27,2014.Apr,1.07
A,A:O27,2014.Aug,4.83
A,A:O27,2014.Aug,4.5
A,A:O27,2014.Aug,4.12
A,A:O27,2014.Aug,3.97
A,A:O27,2014.Aug,3.91
A,A:P07,2013.Jul,2.16
A,A:P07,2013.Jul,2.71
A,A:P07,2013.Jul,1.41
A,A:P07,2013.Jul,2.27
A,A:P07,2013.Jul,1.46
A,A:P07,2014.Apr,0.43
A,A:P07,2014.Apr,0.46
A,A:P07,2014.Apr,0.52
A,A:P07,2014.Apr,0.49
A,A:P07,2014.Apr,0.27
A,A:P07,2014.Aug,1.36
A,A:P07,2014.Aug,2.19
A,A:P07,2014.Aug,1.79
A,A:P07,2014.Aug,2.8
A,A:P07,2014.Aug,2.44
A,A:P08,2013.Jul,0
A,A:P08,2013.Jul,0
A,A:P08,2013.Jul,0
A,A:P08,2013.Jul,0
A,A:P08,2013.Jul,0
A,A:P08,2014.Apr,0
A,A:P08,2014.Apr,0
A,A:P08,2014.Apr,0
A,A:P08,2014.Apr,0
A,A:P08,2014.Apr,0.22
A,A:P08,2014.Aug,0.01
A,A:P08,2014.Aug,0.07
A,A:P08,2014.Aug,0.03
A,A:P08,2014.Aug,0
A,A:P08,2014.Aug,0.25
A,A:P19,2013.Jul,4.22
A,A:P19,2013.Jul,1.5
A,A:P19,2013.Jul,2.1
A,A:P19,2013.Jul,3.73
A,A:P19,2013.Jul,2.9
A,A:P19,2014.Apr,1.07
A,A:P19,2014.Apr,0.98
A,A:P19,2014.Apr,0.99
A,A:P19,2014.Apr,0.66
A,A:P19,2014.Apr,0.8
A,A:P19,2014.Aug,4.29
A,A:P19,2014.Aug,3.9
A,A:P19,2014.Aug,3
A,A:P19,2014.Aug,2.18
A,A:P19,2014.Aug,3.39
A,A:P23,2013.Jul,2.65
A,A:P23,2013.Jul,3.3
A,A:P23,2013.Jul,3.13
A,A:P23,2013.Jul,2.37
A,A:P23,2013.Jul,4.08
A,A:P23,2014.Apr,3.25
A,A:P23,2014.Apr,4.34
A,A:P23,2014.Apr,3.8
A,A:P23,2014.Apr,3.86
A,A:P23,2014.Apr,4.75
A,A:P23,2014.Aug,5.31
A,A:P23,2014.Aug,5.78
A,A:P23,2014.Aug,8.11
A,A:P23,2014.Aug,6.55
A,A:P23,2014.Aug,7.48
A,A:P26,2013.Jul,0.4
A,A:P26,2013.Jul,1.38
A,A:P26,2013.Jul,0.57
A,A:P26,2013.Jul,0.51
A,A:P26,2013.Jul,0.7
A,A:P26,2014.Apr,0.16
A,A:P26,2014.Apr,0.46
A,A:P26,2014.Apr,0.17
A,A:P26,2014.Apr,0.08
A,A:P26,2014.Apr,0.11
A,A:P26,2014.Aug,0.57
A,A:P26,2014.Aug,1.87
A,A:P26,2014.Aug,0.96
A,A:P26,2014.Aug,0.68
A,A:P26,2014.Aug,0.54
A,A:P27,2013.Jul,1.26
A,A:P27,2013.Jul,1.2
A,A:P27,2013.Jul,2.03
A,A:P27,2013.Jul,0.53
A,A:P27,2013.Jul,1.29
A,A:P27,2014.Apr,1.07
A,A:P27,2014.Apr,0.8
A,A:P27,2014.Apr,2.06
A,A:P27,2014.Apr,0.59
A,A:P27,2014.Apr,1.45
A,A:P27,2014.Aug,2.47
A,A:P27,2014.Aug,2.02
A,A:P27,2014.Aug,4.22
A,A:P27,2014.Aug,1.73
A,A:P27,2014.Aug,3.35
A,A:P29,2013.Jul,2.03
A,A:P29,2013.Jul,2.31
A,A:P29,2013.Jul,3.82
A,A:P29,2013.Jul,1.56
A,A:P29,2013.Jul,1.94
A,A:P29,2014.Apr,0.25
A,A:P29,2014.Apr,0.38
A,A:P29,2014.Apr,0.38
A,A:P29,2014.Apr,0.4
A,A:P29,2014.Apr,0.44
A,A:P29,2014.Aug,2.52
A,A:P29,2014.Aug,3.08
A,A:P29,2014.Aug,4.12
A,A:P29,2014.Aug,2.36
A,A:P29,2014.Aug,3
A,A:Q07,2013.Jul,0.94
A,A:Q07,2013.Jul,0.92
A,A:Q07,2013.Jul,0.74
A,A:Q07,2013.Jul,0.24
A,A:Q07,2013.Jul,0.09
A,A:Q07,2014.Apr,0.73
A,A:Q07,2014.Apr,0
A,A:Q07,2014.Apr,0.29
A,A:Q07,2014.Apr,0.18
A,A:Q07,2014.Apr,0.54
A,A:Q07,2014.Aug,2.05
A,A:Q07,2014.Aug,2.36
A,A:Q07,2014.Aug,1.11
A,A:Q07,2014.Aug,0.9
A,A:Q07,2014.Aug,0.66
A,A:Q09,2013.Jul,0.83
A,A:Q09,2013.Jul,0.49
A,A:Q09,2013.Jul,2.32
A,A:Q09,2013.Jul,0
A,A:Q09,2013.Jul,0.41
A,A:Q09,2014.Apr,0.15
A,A:Q09,2014.Apr,1.17
A,A:Q09,2014.Apr,0.69
A,A:Q09,2014.Apr,0.2
A,A:Q09,2014.Apr,0.35
A,A:Q09,2014.Aug,0.71
A,A:Q09,2014.Aug,1.31
A,A:Q09,2014.Aug,1.83
A,A:Q09,2014.Aug,0.96
A,A:Q09,2014.Aug,0.73
A,A:Q13,2013.Jul,0.35
A,A:Q13,2013.Jul,0.44
A,A:Q13,2013.Jul,0.43
A,A:Q13,2013.Jul,0.48
A,A:Q13,2013.Jul,0.5
A,A:Q13,2014.Apr,0.11
A,A:Q13,2014.Apr,0.09
A,A:Q13,2014.Apr,0.12
A,A:Q13,2014.Apr,0.11
A,A:Q13,2014.Apr,0.12
A,A:Q13,2014.Aug,0.21
A,A:Q13,2014.Aug,0.3
A,A:Q13,2014.Aug,0.26
A,A:Q13,2014.Aug,0.27
A,A:Q13,2014.Aug,0.27
A,A:Q16,2013.Jul,0.97
A,A:Q16,2013.Jul,0.53
A,A:Q16,2013.Jul,1.38
A,A:Q16,2013.Jul,0.79
A,A:Q16,2013.Jul,1.6
A,A:Q16,2014.Apr,0.34
A,A:Q16,2014.Apr,0.34
A,A:Q16,2014.Apr,0.57
A,A:Q16,2014.Apr,0.89
A,A:Q16,2014.Apr,0.34
A,A:Q16,2014.Aug,2.12
A,A:Q16,2014.Aug,1.03
A,A:Q16,2014.Aug,2.24
A,A:Q16,2014.Aug,2.91
A,A:Q16,2014.Aug,2.26
A,A:Q21,2013.Jul,0.1
A,A:Q21,2013.Jul,0.06
A,A:Q21,2013.Jul,0.17
A,A:Q21,2013.Jul,0.03
A,A:Q21,2013.Jul,0.13
A,A:Q21,2014.Apr,0.12
A,A:Q21,2014.Apr,0.08
A,A:Q21,2014.Apr,0.22
A,A:Q21,2014.Apr,0.05
A,A:Q21,2014.Apr,0.19
A,A:Q21,2014.Aug,0.36
A,A:Q21,2014.Aug,0.56
A,A:Q21,2014.Aug,0.58
A,A:Q21,2014.Aug,0.12
A,A:Q21,2014.Aug,0.9
A,A:R14,2013.Jul,0.18
A,A:R14,2013.Jul,1.3
A,A:R14,2013.Jul,0.14
A,A:R14,2013.Jul,0.44
A,A:R14,2013.Jul,0.31
A,A:R14,2014.Apr,0.61
A,A:R14,2014.Apr,1.52
A,A:R14,2014.Apr,0.29
A,A:R14,2014.Apr,0.73
A,A:R14,2014.Apr,1.01
A,A:R14,2014.Aug,0.58
A,A:R14,2014.Aug,1.77
A,A:R14,2014.Aug,0.39
A,A:R14,2014.Aug,0.84
A,A:R14,2014.Aug,1.15
A,A:R16,2013.Jul,5.43
A,A:R16,2013.Jul,5.63
A,A:R16,2013.Jul,5.63
A,A:R16,2013.Jul,4.61
A,A:R16,2013.Jul,5.89
A,A:R16,2014.Apr,0.74
A,A:R16,2014.Apr,0.8
A,A:R16,2014.Apr,0.86
A,A:R16,2014.Apr,0.79
A,A:R16,2014.Apr,0.88
A,A:R16,2014.Aug,5.98
A,A:R16,2014.Aug,6.6
A,A:R16,2014.Aug,6.01
A,A:R16,2014.Aug,5.94
A,A:R16,2014.Aug,6.15
A,A:R17,2013.Jul,4.7
A,A:R17,2013.Jul,4.13
A,A:R17,2013.Jul,3.65
A,A:R17,2013.Jul,4.32
A,A:R17,2013.Jul,3.51
A,A:R17,2014.Apr,0.41
A,A:R17,2014.Apr,0.24
A,A:R17,2014.Apr,0.32
A,A:R17,2014.Apr,0.26
A,A:R17,2014.Apr,0.3
A,A:R17,2014.Aug,5.3
A,A:R17,2014.Aug,4.5
A,A:R17,2014.Aug,4.22
A,A:R17,2014.Aug,3.98
A,A:R17,2014.Aug,4.6
A,A:S10,2013.Jul,5.51
A,A:S10,2013.Jul,3.57
A,A:S10,2013.Jul,5.33
A,A:S10,2013.Jul,4.39
A,A:S10,2013.Jul,4.76
A,A:S10,2014.Apr,1.34
A,A:S10,2014.Apr,1.01
A,A:S10,2014.Apr,1.62
A,A:S10,2014.Apr,1.34
A,A:S10,2014.Apr,1.26
A,A:S10,2014.Aug,5.27
A,A:S10,2014.Aug,4.02
A,A:S10,2014.Aug,4.76
A,A:S10,2014.Aug,4.73
A,A:S10,2014.Aug,6.14
A,A:S18,2013.Jul,5.05
A,A:S18,2013.Jul,4.35
A,A:S18,2013.Jul,4.09
A,A:S18,2013.Jul,4.36
A,A:S18,2013.Jul,3.79
A,A:S18,2014.Apr,1
A,A:S18,2014.Apr,0.45
A,A:S18,2014.Apr,0.53
A,A:S18,2014.Apr,0.93
A,A:S18,2014.Apr,0.53
A,A:S18,2014.Aug,8.44
A,A:S18,2014.Aug,9.8
A,A:S18,2014.Aug,9.8
A,A:S18,2014.Aug,9.28
A,A:S18,2014.Aug,11.2
A,A:T15,2013.Jul,1.29
A,A:T15,2013.Jul,1.35
A,A:T15,2013.Jul,1.27
A,A:T15,2013.Jul,1.57
A,A:T15,2013.Jul,2.83
A,A:T15,2014.Apr,0.88
A,A:T15,2014.Apr,0.59
A,A:T15,2014.Apr,0.95
A,A:T15,2014.Apr,2.64
A,A:T15,2014.Apr,4.04
A,A:T15,2014.Aug,1.84
A,A:T15,2014.Aug,1.53
A,A:T15,2014.Aug,2.49
A,A:T15,2014.Aug,3.38
A,A:T15,2014.Aug,5.62
A,A:T17,2013.Jul,4.6
A,A:T17,2013.Jul,3.96
A,A:T17,2013.Jul,2.68
A,A:T17,2013.Jul,3.59
A,A:T17,2013.Jul,4.98
A,A:T17,2014.Apr,0.84
A,A:T17,2014.Apr,1.09
A,A:T17,2014.Apr,0.78
A,A:T17,2014.Apr,0.56
A,A:T17,2014.Apr,0.98
A,A:T17,2014.Aug,6.31
A,A:T17,2014.Aug,6.11
A,A:T17,2014.Aug,4.75
A,A:T17,2014.Aug,5.82
A,A:T17,2014.Aug,5
A,A:T18,2013.Jul,4.98
A,A:T18,2013.Jul,6.93
A,A:T18,2013.Jul,8.07
A,A:T18,2013.Jul,8.57
A,A:T18,2013.Jul,8.66
A,A:T18,2014.Apr,6.17
A,A:T18,2014.Apr,5.93
A,A:T18,2014.Apr,6.58
A,A:T18,2014.Apr,8.32
A,A:T18,2014.Apr,8.64
A,A:T18,2014.Aug,6.09
A,A:T18,2014.Aug,5.71
A,A:T18,2014.Aug,5.95
A,A:T18,2014.Aug,4.61
A,A:T18,2014.Aug,5.43
A,A:U10,2013.Jul,3.84
A,A:U10,2013.Jul,2.95
A,A:U10,2013.Jul,3.62
A,A:U10,2013.Jul,2.9
A,A:U10,2013.Jul,2.79
A,A:U10,2014.Apr,1.41
A,A:U10,2014.Apr,1.28
A,A:U10,2014.Apr,0.87
A,A:U10,2014.Apr,1.03
A,A:U10,2014.Apr,1.03
A,A:U10,2014.Aug,6.26
A,A:U10,2014.Aug,4.37
A,A:U10,2014.Aug,4.39
A,A:U10,2014.Aug,4.04
A,A:U10,2014.Aug,4.92
A,A:U15,2013.Jul,3.32
A,A:U15,2013.Jul,0.59
A,A:U15,2013.Jul,1.12
A,A:U15,2013.Jul,3.07
A,A:U15,2013.Jul,1.28
A,A:U15,2014.Apr,3.89
A,A:U15,2014.Apr,1.11
A,A:U15,2014.Apr,1.87
A,A:U15,2014.Apr,3.68
A,A:U15,2014.Apr,1.81
A,A:U15,2014.Aug,5.97
A,A:U15,2014.Aug,1.41
A,A:U15,2014.Aug,2.83
A,A:U15,2014.Aug,7.57
A,A:U15,2014.Aug,4.79
A,A:W12/X12,2013.Jul,0.23
A,A:W12/X12,2013.Jul,0.77
A,A:W12/X12,2013.Jul,0.54
A,A:W12/X12,2013.Jul,0
A,A:W12/X12,2013.Jul,0.65
A,A:W12/X12,2014.Apr,0.19
A,A:W12/X12,2014.Apr,0.08
A,A:W12/X12,2014.Apr,0.54
A,A:W12/X12,2014.Apr,0.01
A,A:W12/X12,2014.Apr,0.47
A,A:W12/X12,2014.Aug,0.44
A,A:W12/X12,2014.Aug,0.73
A,A:W12/X12,2014.Aug,1.47
A,A:W12/X12,2014.Aug,0.01
A,A:W12/X12,2014.Aug,1.5
A,A:W13,2013.Jul,2.29
A,A:W13,2013.Jul,1.49
A,A:W13,2013.Jul,1.03
A,A:W13,2013.Jul,0.65
A,A:W13,2013.Jul,0.62
A,A:W13,2014.Apr,0.26
A,A:W13,2014.Apr,0.06
A,A:W13,2014.Apr,0.29
A,A:W13,2014.Apr,0.09
A,A:W13,2014.Apr,0.1
A,A:W13,2014.Aug,2.74
A,A:W13,2014.Aug,2.36
A,A:W13,2014.Aug,2.86
A,A:W13,2014.Aug,0.93
A,A:W13,2014.Aug,2.45
A,A:W14,2013.Jul,1.68
A,A:W14,2013.Jul,1.68
A,A:W14,2013.Jul,1.78
A,A:W14,2013.Jul,0.98
A,A:W14,2013.Jul,2.31
A,A:W14,2014.Apr,1.34
A,A:W14,2014.Apr,1.62
A,A:W14,2014.Apr,2.1
A,A:W14,2014.Apr,1.44
A,A:W14,2014.Apr,1.25
A,A:W14,2014.Aug,4.98
A,A:W14,2014.Aug,6.19
A,A:W14,2014.Aug,6
A,A:W14,2014.Aug,4.81
A,A:W14,2014.Aug,5.47
B,B:F25,2013.Jul,0.26
B,B:F25,2013.Jul,0.46
B,B:F25,2013.Jul,0.37
B,B:F25,2013.Jul,0.74
B,B:F25,2013.Jul,1.55
B,B:F25,2014.Apr,0.15
B,B:F25,2014.Apr,0.31
B,B:F25,2014.Apr,0.34
B,B:F25,2014.Apr,0.73
B,B:F25,2014.Apr,0.82
B,B:F25,2014.Aug,0.75
B,B:F25,2014.Aug,0.78
B,B:F25,2014.Aug,0.97
B,B:F25,2014.Aug,2.53
B,B:F25,2014.Aug,1.92
B,B:G28,2013.Jul,3.44
B,B:G28,2013.Jul,2.64
B,B:G28,2013.Jul,2.55
B,B:G28,2013.Jul,3.87
B,B:G28,2013.Jul,3.89
B,B:G28,2014.Apr,1.81
B,B:G28,2014.Apr,1.38
B,B:G28,2014.Apr,1.27
B,B:G28,2014.Apr,2.45
B,B:G28,2014.Apr,2.2
B,B:G28,2014.Aug,3.15
B,B:G28,2014.Aug,3.41
B,B:G28,2014.Aug,4.33
B,B:G28,2014.Aug,5.51
B,B:G28,2014.Aug,6.09
B,B:H29,2013.Jul,2.46
B,B:H29,2013.Jul,1.59
B,B:H29,2013.Jul,0.9
B,B:H29,2013.Jul,0.88
B,B:H29,2013.Jul,0.58
B,B:H29,2014.Apr,2.16
B,B:H29,2014.Apr,2.45
B,B:H29,2014.Apr,1.35
B,B:H29,2014.Apr,0.97
B,B:H29,2014.Apr,0.71
B,B:H29,2014.Aug,5.56
B,B:H29,2014.Aug,5.2
B,B:H29,2014.Aug,2.97
B,B:H29,2014.Aug,2.66
B,B:H29,2014.Aug,2.47
B,B:H30,2013.Jul,0.95
B,B:H30,2013.Jul,0.69
B,B:H30,2013.Jul,0.86
B,B:H30,2013.Jul,0.37
B,B:H30,2013.Jul,1.03
B,B:H30,2014.Apr,0.36
B,B:H30,2014.Apr,0.46
B,B:H30,2014.Apr,0.62
B,B:H30,2014.Apr,0.96
B,B:H30,2014.Apr,1.59
B,B:H30,2014.Aug,0.85
B,B:H30,2014.Aug,0.79
B,B:H30,2014.Aug,2.59
B,B:H30,2014.Aug,1.67
B,B:H30,2014.Aug,2.58
B,B:I22,2013.Jul,0.67
B,B:I22,2013.Jul,1.56
B,B:I22,2013.Jul,0.4
B,B:I22,2013.Jul,0.49
B,B:I22,2013.Jul,0.55
B,B:I22,2014.Apr,0.44
B,B:I22,2014.Apr,0.97
B,B:I22,2014.Apr,0.57
B,B:I22,2014.Apr,0.45
B,B:I22,2014.Apr,0.46
B,B:I22,2014.Aug,1.9
B,B:I22,2014.Aug,3.64
B,B:I22,2014.Aug,1.89
B,B:I22,2014.Aug,1.47
B,B:I22,2014.Aug,1.55
B,B:I24,2013.Jul,0.9
B,B:I24,2013.Jul,0.98
B,B:I24,2013.Jul,0.52
B,B:I24,2013.Jul,0.36
B,B:I24,2013.Jul,0.79
B,B:I24,2014.Apr,0.49
B,B:I24,2014.Apr,0.59
B,B:I24,2014.Apr,0.18
B,B:I24,2014.Apr,0.06
B,B:I24,2014.Apr,0.36
B,B:I24,2014.Aug,1.85
B,B:I24,2014.Aug,0.56
B,B:I24,2014.Aug,0.6
B,B:I24,2014.Aug,2.08
B,B:I24,2014.Aug,1.56
B,B:I25,2013.Jul,0.77
B,B:I25,2013.Jul,1.31
B,B:I25,2013.Jul,1.03
B,B:I25,2013.Jul,1.19
B,B:I25,2013.Jul,0.85
B,B:I25,2014.Apr,0.26
B,B:I25,2014.Apr,0.54
B,B:I25,2014.Apr,0.31
B,B:I25,2014.Apr,0.48
B,B:I25,2014.Apr,0.52
B,B:I25,2014.Aug,1.1
B,B:I25,2014.Aug,2.44
B,B:I25,2014.Aug,1.72
B,B:I25,2014.Aug,1.73
B,B:I25,2014.Aug,1.57
B,B:J29,2013.Jul,1.31
B,B:J29,2013.Jul,3.09
B,B:J29,2013.Jul,0.99
B,B:J29,2013.Jul,0.48
B,B:J29,2013.Jul,0.8
B,B:J29,2014.Apr,0.66
B,B:J29,2014.Apr,1.7
B,B:J29,2014.Apr,0.64
B,B:J29,2014.Apr,0.35
B,B:J29,2014.Apr,0.57
B,B:J29,2014.Aug,3.12
B,B:J29,2014.Aug,0.61
B,B:J29,2014.Aug,1.78
B,B:J29,2014.Aug,2.17
B,B:J29,2014.Aug,1.38
B,B:K27,2013.Jul,1.21
B,B:K27,2013.Jul,0.08
B,B:K27,2013.Jul,0.36
B,B:K27,2013.Jul,0.73
B,B:K27,2013.Jul,1.25
B,B:K27,2014.Apr,1.16
B,B:K27,2014.Apr,0.08
B,B:K27,2014.Apr,0.41
B,B:K27,2014.Apr,0.67
B,B:K27,2014.Apr,0.73
B,B:K27,2014.Aug,1.93
B,B:K27,2014.Aug,4.43
B,B:K27,2014.Aug,1.2
B,B:K27,2014.Aug,0.66
B,B:K27,2014.Aug,0.75
B,B:M07,2013.Jul,0.98
B,B:M07,2013.Jul,0.41
B,B:M07,2013.Jul,0.73
B,B:M07,2013.Jul,0.82
B,B:M07,2013.Jul,0.69
B,B:M07,2014.Aug,0.81
B,B:M07,2014.Aug,0.47
B,B:M07,2014.Aug,0.54
B,B:M07,2014.Aug,0.9
B,B:M07,2014.Aug,0.4
B,B:M22,2013.Jul,0.89
B,B:M22,2013.Jul,0.54
B,B:M22,2013.Jul,0.53
B,B:M22,2013.Jul,0.71
B,B:M22,2013.Jul,0.57
B,B:M22,2014.Apr,0.65
B,B:M22,2014.Apr,0.41
B,B:M22,2014.Apr,0.3
B,B:M22,2014.Apr,0.51
B,B:M22,2014.Apr,0.48
B,B:M22,2014.Aug,0.84
B,B:M22,2014.Aug,0.76
B,B:M22,2014.Aug,1.01
B,B:M22,2014.Aug,1.05
B,B:M22,2014.Aug,0.73
B,B:M24,2013.Jul,1
B,B:M24,2013.Jul,1.59
B,B:M24,2013.Jul,1.84
B,B:M24,2013.Jul,0.62
B,B:M24,2013.Jul,0.88
B,B:M24,2014.Apr,0.73
B,B:M24,2014.Apr,1.09
B,B:M24,2014.Apr,0.7
B,B:M24,2014.Apr,0.66
B,B:M24,2014.Apr,0.65
B,B:M24,2014.Aug,1.36
B,B:M24,2014.Aug,1.62
B,B:M24,2014.Aug,1.45
B,B:M24,2014.Aug,1
B,B:M24,2014.Aug,1.07
B,B:M29,2013.Jul,0.37
B,B:M29,2013.Jul,0.9
B,B:M29,2013.Jul,1.11
B,B:M29,2013.Jul,1.08
B,B:M29,2013.Jul,0.26
B,B:M29,2014.Apr,0.27
B,B:M29,2014.Apr,0.47
B,B:M29,2014.Apr,0.78
B,B:M29,2014.Apr,0.47
B,B:M29,2014.Apr,0.22
B,B:M29,2014.Aug,1.14
B,B:M29,2014.Aug,1.39
B,B:M29,2014.Aug,2.12
B,B:M29,2014.Aug,1.38
B,B:M29,2014.Aug,0.71
B,B:N05,2013.Jul,0.04
B,B:N05,2013.Jul,0.11
B,B:N05,2013.Jul,0.1
B,B:N05,2013.Jul,0.4
B,B:N05,2013.Jul,0.24
B,B:N05,2014.Apr,0
B,B:N05,2014.Apr,0
B,B:N05,2014.Apr,0
B,B:N05,2014.Apr,0
B,B:N05,2014.Apr,0
B,B:N05,2014.Aug,0.02
B,B:N05,2014.Aug,0.09
B,B:N05,2014.Aug,0.12
B,B:N05,2014.Aug,0.33
B,B:N05,2014.Aug,0.14
B,B:N28,2013.Jul,0
B,B:N28,2013.Jul,0.12
B,B:N28,2013.Jul,0.03
B,B:N28,2013.Jul,0.02
B,B:N28,2013.Jul,0.17
B,B:N28,2014.Apr,0
B,B:N28,2014.Apr,0.04
B,B:N28,2014.Apr,0
B,B:N28,2014.Apr,0
B,B:N28,2014.Apr,0.04
B,B:N28,2014.Aug,0
B,B:N28,2014.Aug,0.02
B,B:N28,2014.Aug,0
B,B:N28,2014.Aug,0
B,B:N28,2014.Aug,0.02
B,B:O05,2013.Jul,0.79
B,B:O05,2013.Jul,0.65
B,B:O05,2013.Jul,0.13
B,B:O05,2013.Jul,0.1
B,B:O05,2013.Jul,0.33
B,B:O05,2014.Apr,0.25
B,B:O05,2014.Apr,0.16
B,B:O05,2014.Apr,0.14
B,B:O05,2014.Apr,0.06
B,B:O05,2014.Apr,0.09
B,B:O05,2014.Aug,0.91
B,B:O05,2014.Aug,0.91
B,B:O05,2014.Aug,0.58
B,B:O05,2014.Aug,0.24
B,B:O05,2014.Aug,0.37
B,B:O06,2013.Jul,0.86
B,B:O06,2013.Jul,2.49
B,B:O06,2013.Jul,1.15
B,B:O06,2013.Jul,0.41
B,B:O06,2013.Jul,0.05
B,B:O06,2014.Apr,0.02
B,B:O06,2014.Apr,0.53
B,B:O06,2014.Apr,0.09
B,B:O06,2014.Apr,0.25
B,B:O06,2014.Apr,0.36
B,B:O06,2014.Aug,2.66
B,B:O06,2014.Aug,2.12
B,B:O06,2014.Aug,0.82
B,B:O06,2014.Aug,1.49
B,B:O06,2014.Aug,0.23
B,B:O27,2013.Jul,1.69
B,B:O27,2013.Jul,2.07
B,B:O27,2013.Jul,1.2
B,B:O27,2013.Jul,1.78
B,B:O27,2013.Jul,0.43
B,B:O27,2014.Apr,1.74
B,B:O27,2014.Apr,0.61
B,B:O27,2014.Apr,0.75
B,B:O27,2014.Apr,0.84
B,B:O27,2014.Apr,0.3
B,B:O27,2014.Aug,0.85
B,B:O27,2014.Aug,1.99
B,B:O27,2014.Aug,2.52
B,B:O27,2014.Aug,4.02
B,B:O27,2014.Aug,2.69
B,B:O31,2013.Jul,3.16
B,B:O31,2013.Jul,1.43
B,B:O31,2013.Jul,3.02
B,B:O31,2013.Jul,2.93
B,B:O31,2013.Jul,1.61
B,B:O31,2014.Apr,2.17
B,B:O31,2014.Apr,1.2
B,B:O31,2014.Apr,1.95
B,B:O31,2014.Apr,1.98
B,B:O31,2014.Apr,1.3
B,B:O31,2014.Aug,3.83
B,B:O31,2014.Aug,2.22
B,B:O31,2014.Aug,4.07
B,B:O31,2014.Aug,3.85
B,B:O31,2014.Aug,1.97
B,B:P16,2013.Jul,1.41
B,B:P16,2013.Jul,1.6
B,B:P16,2013.Jul,1.66
B,B:P16,2013.Jul,1.26
B,B:P16,2013.Jul,1.27
B,B:P16,2014.Apr,0.75
B,B:P16,2014.Apr,1.16
B,B:P16,2014.Apr,1.47
B,B:P16,2014.Apr,0.88
B,B:P16,2014.Apr,0.85
B,B:P16,2014.Aug,1.53
B,B:P16,2014.Aug,1.69
B,B:P16,2014.Aug,2.97
B,B:P16,2014.Aug,1.61
B,B:P16,2014.Aug,1.48
B,B:P24,2013.Jul,0.14
B,B:P24,2013.Jul,0.16
B,B:P24,2013.Jul,0.08
B,B:P24,2013.Jul,0.27
B,B:P24,2013.Jul,0.2
B,B:P24,2014.Apr,0.03
B,B:P24,2014.Apr,0.06
B,B:P24,2014.Apr,0.06
B,B:P24,2014.Apr,0.28
B,B:P24,2014.Apr,0.13
B,B:P24,2014.Aug,0.2
B,B:P24,2014.Aug,0.34
B,B:P24,2014.Aug,0.19
B,B:P24,2014.Aug,1.01
B,B:P24,2014.Aug,0.79
B,B:P25,2013.Jul,1.15
B,B:P25,2013.Jul,1.11
B,B:P25,2013.Jul,1
B,B:P25,2013.Jul,1.3
B,B:P25,2013.Jul,1.12
B,B:P25,2014.Apr,1.15
B,B:P25,2014.Apr,0.72
B,B:P25,2014.Apr,0.67
B,B:P25,2014.Apr,1.01
B,B:P25,2014.Apr,1.03
B,B:P25,2014.Aug,2.04
B,B:P25,2014.Aug,1.59
B,B:P25,2014.Aug,1.71
B,B:P25,2014.Aug,1.74
B,B:P25,2014.Aug,1.64
B,B:Q06,2013.Jul,0.03
B,B:Q06,2013.Jul,0
B,B:Q06,2013.Jul,0
B,B:Q06,2013.Jul,0
B,B:Q06,2013.Jul,0
B,B:Q06,2014.Apr,0.07
B,B:Q06,2014.Apr,0.02
B,B:Q06,2014.Apr,0
B,B:Q06,2014.Apr,0.01
B,B:Q06,2014.Apr,0
B,B:Q06,2014.Aug,0.34
B,B:Q06,2014.Aug,0.14
B,B:Q06,2014.Aug,0
B,B:Q06,2014.Aug,0
B,B:Q06,2014.Aug,0
B,B:Q17,2013.Jul,0.9
B,B:Q17,2013.Jul,0.82
B,B:Q17,2013.Jul,0.86
B,B:Q17,2013.Jul,0.72
B,B:Q17,2013.Jul,1.79
B,B:Q17,2014.Apr,0.54
B,B:Q17,2014.Apr,0.57
B,B:Q17,2014.Apr,0.52
B,B:Q17,2014.Apr,0.49
B,B:Q17,2014.Apr,1.04
B,B:Q17,2014.Aug,1.31
B,B:Q17,2014.Aug,1.18
B,B:Q17,2014.Aug,1.81
B,B:Q17,2014.Aug,1.23
B,B:Q17,2014.Aug,2.26
B,B:Q27,2013.Jul,2.11
B,B:Q27,2013.Jul,1.57
B,B:Q27,2013.Jul,1.6
B,B:Q27,2013.Jul,0.88
B,B:Q27,2013.Jul,0.99
B,B:Q27,2014.Apr,1.57
B,B:Q27,2014.Apr,1.58
B,B:Q27,2014.Apr,1.41
B,B:Q27,2014.Apr,0.64
B,B:Q27,2014.Apr,1.22
B,B:Q27,2014.Aug,2.9
B,B:Q27,2014.Aug,2.06
B,B:Q27,2014.Aug,2.06
B,B:Q27,2014.Aug,1.57
B,B:Q27,2014.Aug,1.75
B,B:Q29,2013.Jul,0.02
B,B:Q29,2013.Jul,0.08
B,B:Q29,2013.Jul,0.02
B,B:Q29,2013.Jul,0.44
B,B:Q29,2013.Jul,0
B,B:Q29,2014.Apr,0.03
B,B:Q29,2014.Apr,0.05
B,B:Q29,2014.Apr,0.02
B,B:Q29,2014.Apr,0.02
B,B:Q29,2014.Apr,0
B,B:Q29,2014.Aug,0.05
B,B:Q29,2014.Aug,0.17
B,B:Q29,2014.Aug,0.12
B,B:Q29,2014.Aug,0.69
B,B:Q29,2014.Aug,0.2
B,B:R03,2013.Jul,0.06
B,B:R03,2013.Jul,0.08
B,B:R03,2013.Jul,0.08
B,B:R03,2013.Jul,0.02
B,B:R03,2013.Jul,0.07
B,B:R03,2014.Apr,0.08
B,B:R03,2014.Apr,0.05
B,B:R03,2014.Apr,0.02
B,B:R03,2014.Apr,0.06
B,B:R03,2014.Apr,0.15
B,B:R03,2014.Aug,0.71
B,B:R03,2014.Aug,0.48
B,B:R03,2014.Aug,0.45
B,B:R03,2014.Aug,0.43
B,B:R03,2014.Aug,0.51
B,B:R04,2013.Jul,0.01
B,B:R04,2013.Jul,0
B,B:R04,2013.Jul,0.07
B,B:R04,2013.Jul,0
B,B:R04,2013.Jul,0
B,B:R04,2014.Apr,0.07
B,B:R04,2014.Apr,0
B,B:R04,2014.Apr,0.25
B,B:R04,2014.Apr,0.03
B,B:R04,2014.Apr,0.09
B,B:R04,2014.Aug,0.52
B,B:R04,2014.Aug,0
B,B:R04,2014.Aug,0.64
B,B:R04,2014.Aug,0.37
B,B:R04,2014.Aug,0.69
B,B:R05,2013.Jul,0
B,B:R05,2013.Jul,0
B,B:R05,2013.Jul,0
B,B:R05,2013.Jul,0
B,B:R05,2013.Jul,0
B,B:R05,2014.Apr,0
B,B:R05,2014.Apr,0
B,B:R05,2014.Apr,0
B,B:R05,2014.Apr,0
B,B:R05,2014.Apr,0
B,B:R05,2014.Aug,0
B,B:R05,2014.Aug,0
B,B:R05,2014.Aug,0
B,B:R05,2014.Aug,0
B,B:R05,2014.Aug,0
B,B:R29,2013.Jul,0.64
B,B:R29,2013.Jul,0.57
B,B:R29,2013.Jul,1.14
B,B:R29,2013.Jul,0.26
B,B:R29,2013.Jul,0.09
B,B:R29,2014.Apr,0.29
B,B:R29,2014.Apr,0.18
B,B:R29,2014.Apr,0.5
B,B:R29,2014.Apr,0.14
B,B:R29,2014.Apr,0.04
B,B:R29,2014.Aug,1.16
B,B:R29,2014.Aug,0.99
B,B:R29,2014.Aug,1.29
B,B:R29,2014.Aug,0.44
B,B:R29,2014.Aug,0.28
B,B:S11,2013.Jul,0.49
B,B:S11,2013.Jul,1.07
B,B:S11,2013.Jul,0.98
B,B:S11,2013.Jul,0.58
B,B:S11,2013.Jul,1.19
B,B:S11,2014.Apr,0.31
B,B:S11,2014.Apr,0.56
B,B:S11,2014.Apr,0.71
B,B:S11,2014.Apr,0.33
B,B:S11,2014.Apr,0.9
B,B:S11,2014.Aug,0.46
B,B:S11,2014.Aug,0.52
B,B:S11,2014.Aug,0.5
B,B:S11,2014.Aug,0.46
B,B:S11,2014.Aug,0.8
B,B:S18,2013.Jul,0.01
B,B:S18,2013.Jul,0.1
B,B:S18,2013.Jul,0.02
B,B:S18,2013.Jul,0.12
B,B:S18,2013.Jul,0.04
B,B:S18,2014.Apr,0
B,B:S18,2014.Apr,0.03
B,B:S18,2014.Apr,0.01
B,B:S18,2014.Apr,0.05
B,B:S18,2014.Apr,0.01
B,B:S18,2014.Aug,0
B,B:S18,2014.Aug,0.1
B,B:S18,2014.Aug,0.02
B,B:S18,2014.Aug,0.16
B,B:S18,2014.Aug,0.03
B,B:S22,2013.Jul,0.14
B,B:S22,2013.Jul,0.22
B,B:S22,2013.Jul,0.19
B,B:S22,2013.Jul,0.31
B,B:S22,2013.Jul,0
B,B:S22,2014.Apr,0.06
B,B:S22,2014.Apr,0.19
B,B:S22,2014.Apr,0.15
B,B:S22,2014.Apr,0.35
B,B:S22,2014.Apr,0.11
B,B:S22,2014.Aug,0.2
B,B:S22,2014.Aug,0.31
B,B:S22,2014.Aug,0.43
B,B:S22,2014.Aug,0.4
B,B:S22,2014.Aug,0.15
B,B:T05,2013.Jul,0
B,B:T05,2013.Jul,0
B,B:T05,2013.Jul,0.01
B,B:T05,2013.Jul,0.01
B,B:T05,2013.Jul,0
B,B:T05,2014.Aug,0.21
B,B:T05,2014.Aug,0.13
B,B:T05,2014.Aug,0.18
B,B:T05,2014.Aug,0
B,B:T13,2013.Jul,0
B,B:T13,2013.Jul,0
B,B:T13,2013.Jul,0
B,B:T13,2013.Jul,0
B,B:T13,2013.Jul,0
B,B:T13,2014.Apr,0
B,B:T13,2014.Apr,0
B,B:T13,2014.Apr,0
B,B:T13,2014.Apr,0
B,B:T13,2014.Apr,0
B,B:T13,2014.Aug,0
B,B:T13,2014.Aug,0
B,B:T13,2014.Aug,0
B,B:T13,2014.Aug,0
B,B:T13,2014.Aug,0
B,B:T15,2013.Jul,1.18
B,B:T15,2013.Jul,1.34
B,B:T15,2013.Jul,1.33
B,B:T15,2013.Jul,0.21
B,B:T15,2013.Jul,0.92
B,B:T15,2014.Apr,1.08
B,B:T15,2014.Apr,1.2
B,B:T15,2014.Apr,1
B,B:T15,2014.Apr,0.18
B,B:T15,2014.Apr,0.58
B,B:T15,2014.Aug,1.08
B,B:T15,2014.Aug,1.16
B,B:T15,2014.Aug,2.06
B,B:T15,2014.Aug,0.32
B,B:T15,2014.Aug,0.92
B,B:T25,2013.Jul,0.85
B,B:T25,2013.Jul,0.64
B,B:T25,2013.Jul,0.69
B,B:T25,2013.Jul,2.42
B,B:T25,2013.Jul,0.76
B,B:T25,2014.Apr,0.85
B,B:T25,2014.Apr,0.45
B,B:T25,2014.Apr,0.55
B,B:T25,2014.Apr,1.18
B,B:T25,2014.Apr,0.63
B,B:T25,2014.Aug,1.95
B,B:T25,2014.Aug,1.24
B,B:T25,2014.Aug,1.16
B,B:T25,2014.Aug,2.61
B,B:T25,2014.Aug,0.97
B,B:T29,2013.Jul,0
B,B:T29,2013.Jul,0
B,B:T29,2013.Jul,0
B,B:T29,2013.Jul,0
B,B:T29,2013.Jul,0
B,B:T29,2014.Apr,0
B,B:T29,2014.Apr,0
B,B:T29,2014.Apr,0
B,B:T29,2014.Apr,0
B,B:T29,2014.Apr,0
B,B:T29,2014.Aug,0
B,B:T29,2014.Aug,0
B,B:T29,2014.Aug,0
B,B:T29,2014.Aug,0
B,B:T29,2014.Aug,0
B,B:U06,2013.Jul,0
B,B:U06,2013.Jul,0
B,B:U06,2013.Jul,0
B,B:U06,2013.Jul,0
B,B:U06,2013.Jul,0
B,B:U06,2014.Apr,0
B,B:U06,2014.Apr,0
B,B:U06,2014.Apr,0
B,B:U06,2014.Apr,0
B,B:U06,2014.Apr,0
B,B:U06,2014.Aug,0
B,B:U06,2014.Aug,0
B,B:U06,2014.Aug,0
B,B:U06,2014.Aug,0
B,B:U06,2014.Aug,0
B,B:U08,2013.Jul,0.09
B,B:U08,2013.Jul,0.05
B,B:U08,2013.Jul,0.13
B,B:U08,2013.Jul,0.2
B,B:U08,2013.Jul,0
B,B:U08,2014.Apr,0.06
B,B:U08,2014.Apr,0.23
B,B:U08,2014.Apr,0.08
B,B:U08,2014.Apr,0.14
B,B:U08,2014.Apr,0.01
B,B:U08,2014.Aug,0.34
B,B:U08,2014.Aug,0.44
B,B:U08,2014.Aug,0.24
B,B:U08,2014.Aug,0.35
B,B:U08,2014.Aug,0.02
B,B:U16,2013.Jul,0.81
B,B:U16,2013.Jul,0.38
B,B:U16,2013.Jul,0.95
B,B:U16,2013.Jul,0.93
B,B:U16,2013.Jul,0.58
B,B:U16,2014.Apr,0.51
B,B:U16,2014.Apr,0.33
B,B:U16,2014.Apr,0.61
B,B:U16,2014.Apr,0.59
B,B:U16,2014.Apr,0.39
B,B:U16,2014.Aug,1.34
B,B:U16,2014.Aug,0.89
B,B:U16,2014.Aug,1.59
B,B:U16,2014.Aug,1.11
B,B:U16,2014.Aug,1.1
B,B:U20,2013.Jul,1.08
B,B:U20,2013.Jul,0.93
B,B:U20,2013.Jul,0.4
B,B:U20,2013.Jul,0.41
B,B:U20,2013.Jul,0.23
B,B:U20,2014.Apr,1.36
B,B:U20,2014.Apr,0.81
B,B:U20,2014.Apr,0.48
B,B:U20,2014.Apr,0.73
B,B:U20,2014.Apr,0.25
B,B:U20,2014.Aug,2.44
B,B:U20,2014.Aug,0.79
B,B:U20,2014.Aug,1.06
B,B:U20,2014.Aug,1.26
B,B:U20,2014.Aug,0.9
B,B:U21,2013.Jul,2.01
B,B:U21,2013.Jul,0.86
B,B:U21,2013.Jul,0.46
B,B:U21,2013.Jul,0.81
B,B:U21,2013.Jul,0.53
B,B:U21,2014.Apr,2.11
B,B:U21,2014.Apr,1.06
B,B:U21,2014.Apr,0.53
B,B:U21,2014.Apr,0.84
B,B:U21,2014.Apr,0.64
B,B:U21,2014.Aug,2.21
B,B:U21,2014.Aug,1.83
B,B:U21,2014.Aug,1.64
B,B:U21,2014.Aug,1.54
B,B:U21,2014.Aug,0.84
B,B:U27,2013.Jul,0.04
B,B:U27,2013.Jul,0.17
B,B:U27,2013.Jul,0.05
B,B:U27,2013.Jul,0.11
B,B:U27,2013.Jul,0.09
B,B:U27,2014.Apr,0.01
B,B:U27,2014.Apr,0.14
B,B:U27,2014.Apr,0.01
B,B:U27,2014.Apr,0.03
B,B:U27,2014.Apr,0.02
B,B:U27,2014.Aug,0.03
B,B:U27,2014.Aug,0.08
B,B:U27,2014.Aug,0.02
B,B:U27,2014.Aug,0.1
B,B:U27,2014.Aug,0.06
B,B:V08,2013.Jul,0.03
B,B:V08,2013.Jul,0.01
B,B:V08,2013.Jul,0.02
B,B:V08,2013.Jul,0.02
B,B:V08,2013.Jul,0.08
B,B:V08,2014.Apr,0.06
B,B:V08,2014.Apr,0.01
B,B:V08,2014.Apr,0.03
B,B:V08,2014.Apr,0.07
B,B:V08,2014.Apr,0.09
B,B:V08,2014.Aug,0.15
B,B:V08,2014.Aug,0.08
B,B:V08,2014.Aug,0.07
B,B:V08,2014.Aug,0.11
B,B:V08,2014.Aug,0.12
B,B:V15,2013.Jul,0.02
B,B:V15,2013.Jul,0
B,B:V15,2013.Jul,0
B,B:V15,2013.Jul,0.01
B,B:V15,2013.Jul,0
B,B:V15,2014.Apr,0
B,B:V15,2014.Apr,0
B,B:V15,2014.Apr,0
B,B:V15,2014.Apr,0.02
B,B:V15,2014.Apr,0
B,B:V15,2014.Aug,0
B,B:V15,2014.Aug,0
B,B:V15,2014.Aug,0
B,B:V15,2014.Aug,0.01
B,B:V15,2014.Aug,0
B,B:V19,2013.Jul,0.27
B,B:V19,2013.Jul,0.21
B,B:V19,2013.Jul,0
B,B:V19,2013.Jul,0.08
B,B:V19,2013.Jul,0.14
B,B:V19,2014.Apr,0.44
B,B:V19,2014.Apr,0.04
B,B:V19,2014.Apr,0.07
B,B:V19,2014.Apr,0.02
B,B:V19,2014.Apr,0.05
B,B:V19,2014.Aug,0.44
B,B:V19,2014.Aug,0.43
B,B:V19,2014.Aug,0.22
B,B:V19,2014.Aug,0.19
B,B:V19,2014.Aug,0.55
B,B:V20,2013.Jul,0
B,B:V20,2013.Jul,0.06
B,B:V20,2013.Jul,0.06
B,B:V20,2013.Jul,0.03
B,B:V20,2013.Jul,0.06
B,B:V20,2014.Apr,0.02
B,B:V20,2014.Apr,0.08
B,B:V20,2014.Apr,0.03
B,B:V20,2014.Apr,0.07
B,B:V20,2014.Apr,0.05
B,B:V20,2014.Aug,0
B,B:V20,2014.Aug,0.12
B,B:V20,2014.Aug,0.1
B,B:V20,2014.Aug,0.15
B,B:V20,2014.Aug,0.25
B,B:V23,2013.Jul,2.49
B,B:V23,2013.Jul,1.14
B,B:V23,2013.Jul,1.9
B,B:V23,2013.Jul,0.8
B,B:V23,2013.Jul,0.67
B,B:V23,2014.Apr,1.35
B,B:V23,2014.Apr,1.51
B,B:V23,2014.Apr,1.23
B,B:V23,2014.Apr,1
B,B:V23,2014.Apr,0.53
B,B:V23,2014.Aug,2.82
B,B:V23,2014.Aug,3.49
B,B:V23,2014.Aug,2.61
B,B:V23,2014.Aug,1.94
B,B:V23,2014.Aug,1.1
B,B:V24,2013.Jul,2.13
B,B:V24,2013.Jul,1.75
B,B:V24,2013.Jul,1.14
B,B:V24,2013.Jul,1.05
B,B:V24,2013.Jul,1.38
B,B:V24,2014.Apr,1.01
B,B:V24,2014.Apr,0.86
B,B:V24,2014.Apr,0.71
B,B:V24,2014.Apr,0.66
B,B:V24,2014.Apr,0.66
B,B:V24,2014.Aug,1.77
B,B:V24,2014.Aug,1.41
B,B:V24,2014.Aug,1.23
B,B:V24,2014.Aug,1.07
B,B:V24,2014.Aug,1.63
B,B:W10,2013.Jul,0
B,B:W10,2013.Jul,0
B,B:W10,2013.Jul,0
B,B:W10,2013.Jul,0
B,B:W10,2013.Jul,0
B,B:W10,2014.Apr,0
B,B:W10,2014.Apr,0
B,B:W10,2014.Apr,0
B,B:W10,2014.Apr,0
B,B:W10,2014.Apr,0
B,B:W10,2014.Aug,0
B,B:W10,2014.Aug,0
B,B:W10,2014.Aug,0
B,B:W10,2014.Aug,0
B,B:W10,2014.Aug,0
B,B:W11,2013.Jul,2.06
B,B:W11,2013.Jul,1.8
B,B:W11,2013.Jul,2.04
B,B:W11,2013.Jul,0.91
B,B:W11,2013.Jul,0.89
B,B:W11,2014.Apr,0.84
B,B:W11,2014.Apr,0.88
B,B:W11,2014.Apr,0.9
B,B:W11,2014.Apr,0.8
B,B:W11,2014.Apr,0.8
B,B:W11,2014.Aug,2.18
B,B:W11,2014.Aug,1.85
B,B:W11,2014.Aug,2.32
B,B:W11,2014.Aug,1.44
B,B:W11,2014.Aug,1.41
B,B:X08,2013.Jul,1.5
B,B:X08,2013.Jul,0
B,B:X08,2013.Jul,0.99
B,B:X08,2013.Jul,0.26
B,B:X08,2013.Jul,0.14
B,B:X08,2014.Apr,0.33
B,B:X08,2014.Apr,0.07
B,B:X08,2014.Apr,0.35
B,B:X08,2014.Apr,0.1
B,B:X08,2014.Apr,0.11
B,B:X08,2014.Aug,1.81
B,B:X08,2014.Aug,0.18
B,B:X08,2014.Aug,1.07
B,B:X08,2014.Aug,0.29
B,B:X08,2014.Aug,0.2
B,B:X21,2013.Jul,0
B,B:X21,2013.Jul,0
B,B:X21,2013.Jul,0
B,B:X21,2013.Jul,0
B,B:X21,2013.Jul,0
B,B:X21,2014.Apr,0
B,B:X21,2014.Apr,0
B,B:X21,2014.Apr,0
B,B:X21,2014.Apr,0
B,B:X21,2014.Apr,0
B,B:X21,2014.Aug,0
B,B:X21,2014.Aug,0
B,B:X21,2014.Aug,0
B,B:X21,2014.Aug,0
B,B:X21,2014.Aug,0
B,B:X22,2013.Jul,1.04
B,B:X22,2013.Jul,0.18
B,B:X22,2013.Jul,0.38
B,B:X22,2013.Jul,0.13
B,B:X22,2013.Jul,0.09
B,B:X22,2014.Apr,0.3
B,B:X22,2014.Apr,0.08
B,B:X22,2014.Apr,0.11
B,B:X22,2014.Apr,0.03
B,B:X22,2014.Apr,0.02
B,B:X22,2014.Aug,1.07
B,B:X22,2014.Aug,0.11
B,B:X22,2014.Aug,0.27
B,B:X22,2014.Aug,0.3
B,B:X22,2014.Aug,0.06
B,B:Y23,2013.Jul,0.17
B,B:Y23,2013.Jul,0.35
B,B:Y23,2013.Jul,0.09
B,B:Y23,2013.Jul,0
B,B:Y23,2013.Jul,0.09
B,B:Y23,2014.Apr,0.12
B,B:Y23,2014.Apr,0.02
B,B:Y23,2014.Apr,0.03
B,B:Y23,2014.Apr,0.07
B,B:Y23,2014.Apr,0.13
B,B:Y23,2014.Aug,0.11
B,B:Y23,2014.Aug,0.36
B,B:Y23,2014.Aug,0.1
B,B:Y23,2014.Aug,0.12
B,B:Y23,2014.Aug,0.12